{"BZR_WETH_3000": {"0xC5B539F92A97ef8B00713Ff7137F7E09e6C47664": [{"tick_lower": -61680, "tick_upper": 0, "liquidity": 4.79794827531148e+23, "amount_usd": 10000000.0}]}, "BZR1_WETH_3000": {"0xC5B539F92A97ef8B00713Ff7137F7E09e6C47664": [{"tick_lower": -61680, "tick_upper": 0, "liquidity": 9.59589655062296e+23, "amount_usd": 20000000.0}]}, "BZR2_WETH_3000": {"0xC5B539F92A97ef8B00713Ff7137F7E09e6C47664": [{"tick_lower": -61680, "tick_upper": 0, "liquidity": 1.439384482593444e+24, "amount_usd": 30000000.0}]}, "BZR3_WETH_3000": {"0xC5B539F92A97ef8B00713Ff7137F7E09e6C47664": [{"tick_lower": -61680, "tick_upper": 0, "liquidity": 4.79794827531148e+24, "amount_usd": 100000000.0}]}}